pk,user_pk,content_pk,datetime,
1,1,16,2021-12-16 19:54:05.915673,
2,1,21,2021-12-16 19:54:13.539555,
3,1,64,2021-12-16 20:40:05.993455,
4,1,2,2021-12-17 20:32:16.421130,
5,1,3,2021-12-17 20:36:07.316926,
6,1,4,2021-12-17 20:36:27.974189,
7,1,5,2021-12-17 20:36:31.040827,
8,1,15,2021-12-17 20:36:54.902713,
9,1,6,2021-12-17 20:40:02.002607,
10,1,16,2021-12-17 20:43:45.393099,
11,1,16,2021-12-17 20:44:18.583759,
12,1,21,2021-12-17 20:44:22.559152,
13,1,7,2021-12-17 20:44:28.326957,
14,1,7,2021-12-17 20:44:28.938317,
15,1,2,2021-12-17 20:46:14.587105,
16,1,8,2021-12-17 20:47:39.326598,
17,1,9,2021-12-17 20:50:52.662218,
18,1,10,2021-12-17 20:54:24.428901,
19,1,11,2021-12-17 20:58:17.569697,
20,1,2,2021-12-17 21:05:19.535145,
21,1,14,2021-12-17 21:05:23.614163,
22,1,24,2021-12-17 21:05:27.438367,
23,1,11,2021-12-17 21:05:52.599395,
24,1,2,2021-12-17 21:09:02.967471,
25,1,3,2021-12-17 21:09:06.041992,
26,1,4,2021-12-17 21:09:09.117109,
27,1,5,2021-12-17 21:09:12.192608,
28,1,6,2021-12-17 21:09:15.267567,
